Hellboy II: The Golden Army,-2008,,,,
The Man with the Golden Arm,-1955,,,,
The Golden Arrow,-1936,,,,
The Golden Arrow,-1962,,,,
The Kid with the Golden Arm,-1979,,,,
Uncharted: Golden Abyss,(2011) (Video Game),,,,
Golden Arms Returns,(2016) (TV Series),,,,
Golden Darts,-1985,,,,
Golden Arrows,-2018,,,,
The Golden Arse,(1998) (TV Episode),- Season 1 | Episode 15,- Podge and Rodge. A Scare at Bedtime,(1997) (TV Series),
The Golden Arm Trio,,,,,"(Music Department, A Scanner Darkly (2006))"
Golden Apple Quartet,,,,,"(Actor, Gala Ritmos del verano (1994))"
golden-arrow,(2 titles),,,,
golden-arrowhead,(1 title),,,,
Golden Arrow,[id] (Production),,,,
Golden Artists Entertainment,[us] (Production),,,,
Golden Movie Arts,[ph] (Production),,,,
Golden Arrow Entertainment,[us] (Production),,,,
Goldenart Production,[it] (Production),,,,
