Prime Day was the biggest day in Amazon’s history — these were the deals Business Insider readers cared about most,Tyler Lauletta,,", Insider Picks",,"Jul. 15, 2016, 12:38 PM","23,185",,"... service to you, we're taking note of what you bought (and what you didn't) this Prime Day. Below are the 10 most-purchased items from Business Insider readers on Prime Day …"
"CHART OF THE DAY: Chinese Exports Fall, Aussie Bears Be Careful",Business Insider Australia,,,,"Oct. 13, 2013, 4:48 PM",,30,... this just supports further Aussie dollar gains in the months ahead. Follow Greg McKenna on Twitter. Follow Business Insider Australia on Facebook and Twitter Read more posts on Business …
Health care must ditch its attachment to outdated software,Jonathan Bush,,", STAT",,"Jan. 11, 2017, 12:07 AM","1,732",,"... little progress eliminating the clipboards, faxes, and basement servers that continue to keep the business of health care on life support. Health care is not really an exceptional business …"
Mars is buying a pet health company for $9.1 billion,Portia Crowe,,,,"Jan. 9, 2017, 8:24 AM","29,459",,"... , one of the world's leading pet care providers. Pet care has been an important part of Mars for over 80 years. The transaction reaffirms Mars' commitment to the pet care …"
"America's oldest veteran, who famously drinks whiskey and smokes cigars everyday, is asking for your help",Paul Szoldra,,,,"Jan. 25, 2017, 12:31 PM","6,793",,... 24-hour home care that the Department of Veterans Affairs doesn't provide. So his family started a GoFundMe campaign late last month to cover the cost of in-home care …
A top NYC divorce attorney shares the one thing she wishes everyone knew before getting divorced,Emmie Martin,,,,"Jan. 26, 2017, 11:00 AM",,,"... proceedings are all about the tough, emotional details that caused their marriage to crumble. But to a judge, it's business, another day on the job. The court doesn't care …"
Vice President Pence promised to stop taxpayer-funded abortion — but it's already not allowed,Rebecca Harrington,,,,4h,"1,026",,"... day for anti-abortion activists in America. ""This administration will work with Congress to end taxpayer funding for abortion and abortion providers, and we will devote those resources to health care …"
Trump's plan for the VA could use some retooling,Rob Garver,,", The Fiscal Times ",,"Dec. 30, 2016, 9:43 PM","1,597",,"... , all VA hospitals will offer same-day access to care, relative to none in 2014. In a survey conducted last month, 75 percent of veterans reported that VA effectively delivers care …"
The Mall of America is closing on one of the hottest shopping days of the year,Hayley Peterson,,,,"Oct. 5, 2016, 11:32 AM ","14,921",,"... a day for families and for people we care about,"" Jill Renslow, the mall's senior vice president of marketing, told The Associated Press. ""We want to give this day …"
Goldman Sachs could earn an extra $3 billion from a major trading rebound,Business Insider,,,,"Jan. 15, 2017, 2:06 PM",,,"... towards macro businesses within FICC, like FX and rates, where Goldman Sachs is less strong, could reverse, ""benefiting firms that have not pulled back dramatically from the business …"
The giant Aetna-Humana merger has been blocked,Bob Bryan ,and,Portia Crowe,,"Jan. 23, 2017, 11:49 AM","8,853",,"... lessen competition in markets for individual Medicare Advantage plans and health insurance sold on the public exchanges,"" Bates' decision said. ""After a 13-day trial, and based on care …"
Planned Parenthood is gearing up for a fight,Rebecca Harrington,,,,"Jan. 5, 2017, 7:00 AM","4,227",,"... in this political landscape, we're always going to be there taking care of our folks, taking care of our patients and the communities that we serve,"" Robinson told Business …"
"Tom Price, Trump's pick for HHS secretary, will face the Senate today — here's his plan to dismantle Obamacare",Bob Bryan,,,,"Jan. 18, 2017, 7:46 AM","2,532",,"... first day of his confirmation hearing. A former orthopedic surgeon, Price has an impressive record in the healthcare field. He is also a vocal critic of the Affordable Care …"
Goldman Sachs could earn an extra $3 billion from a major trading rebound,Portia Crowe,,,,"Jan. 9, 2017, 11:27 AM","4,464",,"... towards macro businesses within FICC, like FX and rates, where Goldman Sachs is less strong, could reverse, ""benefiting firms that have not pulled back dramatically from the business …"
Paid staffers were on hand to cheer for Trump at his press conference,Chris Sanchez,,,,"Jan. 11, 2017, 11:42 PM","41,226",,"... were on hand to cheer for him at his press conference Tuesday morning, according to a report from Politico. It was Trump's first official press conference in 169 day …"
Trump signs first executive order targeting Obamacare,Jeff Mason,and,Roberta Rampton,", Reuters","Jan. 20, 2017, 7:43 PM ","21,018",,"... Defense Secretary James Mattis and his Homeland Security Secretary John Kelly. Trump spoke briefly about his day with reporters. ""It was busy, but good. It was a beautiful day …"
Business Insider is hiring a guides editor for Insider Picks,Ellen Hoffman,,,,"Jan. 11, 2017, 11:30 AM",,364,"... of products in every category. They are confident and careful when reviewing products and can describe the pros and cons of any item with conviction, while incorporating Business …"
Wisconsin Sen. Johnson has another awkward campaign moment,Scott Bauer,,", Associated Press",,"Aug. 30, 2016, 3:15 PM",,28,.. anti-business propaganda and suggested that a documentary could replace classroom history teachers.Johnson made the comment on day care centers in a radio interview on Monday. A day …
"This CEO gives his employees a 3-day weekend every month and a $2,000 vacation bonus",Chris Weller ,,,,"Dec. 12, 2016, 3:21 PM","44,792",,"... . In addition to the existing ones, there will now be SteelHouse Days in March, April, June, August, October, and December. SteelHouse Days aren't the product of care …"
A startup that wants to change how we care for seniors just raised another $42 million,Lydia Ramsey ,,,,"Aug. 5, 2016, 5:01 PM","21,852",,"... when they need a Care Pro to stop by, add details, and monitor to make sure the visit actually happened. That way, the Care Pros, the seniors receiving care …"
