Samsung C500 1080p HDMI All Multi Region Code Zone Free DVD Player,,by,Samsung,,,,$,62,99,,,FREE Shipping on eligible orders,"In stock on February 16, 2017",,More Buying Choices,$53.90 new,(7 offers),,,,,,,155,,,Product Features,... guaranteed to play both PAL/NTSC DVDs from any Country or any Region 0 …,Electronics: See all 23 items,
Buyee Handheld Portable DVD Player 9.5 Inch 270 Degree Swivel Screen Support Analog Tv/ Vcd/cd/mp3/mp4/usb Sd Card Slot…,,by,Buyee,,,,$,70,99,,,FREE Shipping on eligible orders,,Only 11 left in stock - order soon.,,,,,,,,,,32,Trade-in eligible for an Amazon gift card,,Product Features,... Compatible with DVD/DVD-R/DVD-RW/ ... Supports Multi Regional PAL/NTSC …,Electronics: See all 23 items,
Pyle Home PDH7 7-Inch Portable TFT/LCD Monitor with Built-In DVD Player MP3/MP4/USB SD Card Slot,,by,Pyle,,,,$,49,99,,,FREE Shipping on eligible orders,More Buying Choices,,,$49.99 new,(28 offers),,,,,,,220,,,Product Features,... Compatible with DVD/DVD-R/DVD-RW/ ... Supports Multi Regional PAL/NTSC …,Electronics: See all 23 items,
Pyle Home PDH14 14-Inch Portable TFT/LCD Monitor with Built-In DVD Player MP3/MP4/USB SD Card Slot,,by,Pyle,,,,$,142,37,$149.99 ,,FREE Shipping on eligible orders,More Buying Choices,Only 11 left in stock - order soon.,,$139.52 new,(8 offers),$95.96used ,(9 offers),,,,,152,,,Product Features,... Compatible with DVD/DVD-R/DVD-RW/ ... Supports Multi Regional PAL/NTSC …,Electronics: See all 23 items,
"AGPtEK OD01 8X USB 2.0 Portable DVD+/-RW External Drive, Plug and Play, Support Windows 98SE/ME/2000/XP/Vista/7/8/10…",,by,AGPtek,,,,$,18,89,,"Get it by Friday, Feb 10",FREE Shipping on eligible orders,,,,,,,,,,,,18,,,Product Features,"... Efficient and Stable:supported DVD+R, DVD-R, CD-ROM, DVD-ROM, CD-R, CD …",Electronics:See all 23 items,
1989 NCAA(r) Division I Men's Basketball Regionals - UNLV vs. Arizona,2008,,,,DVD,,$,29,99,,"Get it by Friday, Feb 10",FREE Shipping on eligible orders,Runtime:,,1 hr 30 mins,,,,,,,,,,,,,,"Movies & TV: See all 1,225 items",
"XTRONS Beige 29"" HD Digital Widescreen Twin Car Headrest DVD Player 1080P Video with HDMI Input IR transmitter and FM…",,by,XTRONS,,,,$,249,99,,,FREE Shipping on eligible orders,,,,,,,,,,,,7,,,Product Features,Regional free dvd,Electronics: See all 23 items,
"Regional Mexicano, Vol. 223",2005,,,,DVD,,$,16,99,,,FREE Shipping on eligible orders,More Buying Choices,Only 1 left in stock - order soon.,Starring:,$1.28 used & new,(13 offers),,,,,,,2,Lucero,Los Tucanes,,,"CDs & Vinyl: See all 1,664 items",See All Formats
Pyle Home PDH9 9-Inch Portable TFT/LCD Monitor with Built-In DVD Player MP3/MP4/USB SD Card Slot,,by,Pyle,,,,$,59,99,,,FREE Shipping on eligible orders,More Buying Choices,,,$59.99 new,(11 offers),,,,,,,31,,,Product Features,"... Compatible with DVD, DVD-R, DVD-RW ... Supports Multi Regional PAL/NTSC …",Electronics: See all 23 items,
Mastering Knife Skills: The Essential Guide to the Most Important Tools in Your Kitchen (with DVD)," May 1, 2008",by,Mark Thomas,Norman Weinstein and,Hardcover,,$,27,20,$40.00 ,,FREE Shipping on eligible orders,More Buying Choices,Only 20 left in stock - order soon.,,$3.37 used & new,(72 offers),,,Kindle Edition,$,24,4,58,,,,,"Books: See all 1,060 items",
"XTRONS® Single 1 Din Car DVD Player 3"" Touch Screen Stereo Radio Bluetooth Reversing Camera Included",,by, XTRONS,,,,$,119,99,,,FREE Shipping on eligible orders,,,,,,,,,,,,1,,,Product Description,... about the safety of your car DVD player when you're away? This …,Electronics: See all 23 items,
X-Plane 10 Regional: North America - Mac,,by,Graphsim Entertainment,,Mac,,$,39,99,,"Get it by Friday, Feb 10",FREE Shipping on eligible orders,More Buying Choices,,,$28.98 used & new,(13 offers),,,,,,,71,,,Product Description,"... computer. Now, X-Plane 10 Regional lets you fly in your favorite …",Video Games: See all 18 items,
"XTRONS Black 29"" HD Digital Widescreen Twin Car Headrest DVD Player 1080P Video with HDMI Input IR transmitter and FM…",,by,XTRONS,,,,$,249,99,,,FREE Shipping on eligible orders,,,,,,,,,,,,25,,,Product Features,Regional free dvd,Electronics: See all 23 items,
Amazon Prime Video," Jan 31, 2017",by,Amazon.com,,,Free ,,,,,,Available instantly on compatible devices,,,,,,,,,,,,"69,447",,,Product Features,"... hundreds of top Bollywood and regional Indian hits like Sultan, Baar …",Apps & Games: See all items,
Entrega Total... Los Exitos,2005,,,,DVD,,,,,,,Runtime, 37 mins,,,$0.01 used & new,(6 offers),,,,,,,1,,,Product Description,"... This greatest hits DVD inculdes 10 of his best tracks, plus discography …",Beauty & Personal Care: See all 19 items,See All Formats
Buyee Handheld Portable DVD Player 9.5 Inch 270 Degree Swivel Screen Support Analog Tv/ Vcd/cd/mp3/mp4/usb Sd Card Slot…,,by,Buyee,,,,$,70,99,,,FREE Shipping on eligible orders,,Only 14 left in stock - order soon.,,,,,,,,,,32,,,Product Features,... Compatible with DVD/DVD-R/DVD-RW/ ... Supports Multi Regional PAL/NTSC …,Electronics: See all 23 items,
