 , Skinny High Ankle Jeans,$9.99, , , , , 
 , Skinny Regular Ankle Jeans,$9.99, , , , , 
 , Skinny Low Jeans,$19.99, , , New Arrival, , 
 , Skinny Low Jeans,$19.99, , , New Arrival," ,", Online Exclusive
 , Skinny Regular Ankle Jeans,$9.99, , , , , 
 , 2-pack Denim Joggers,$19.99, , , , , 
 , Skinny Regular Ankle Jeans,$9.99, , , , , 
 , Skinny High Ankle Jeans,$9.99, , , , , 
 , Skinny Regular Ankle Jeans,$9.99, , , , , 
 CONSCIOUS, Skinny Low Trashed Jeans,$39.99, , , , , 
 , Skinny High Ankle Jeans,$9.99, , , , , 
 , Denim Bib Overalls, ,$19.99,$39.99, , , 
 CONSCIOUS, Skinny Low Trashed Jeans,$39.99, , , , , 
 , Biker Jeans,$39.99, , , , , 
 , Biker Jeans,$39.99, , , , , 
 , Skinny Regular Ankle Jeans,$9.99, , , , , 
 , Skinny Low Jeans,$19.99, , , New Arrival, , 
 , Super Skinny Low Jeans,$19.99, , , , , 
 , Denim Joggers,$9.99, , , New Arrival, , 
 CONSCIOUS, Skinny Regular Jeans,$19.99, , , , , 
 , Super Skinny High Jeggings,$19.99, , , , , 
 CONSCIOUS, Bib Overalls,$39.99, , , , , 
 , 2-pack Denim Leggings,$19.99, , , , , 
 , 2-pack Slim Jeans,$19.99, , , , , 
 , Skinny Low Jeans,$19.99, , , New Arrival, , 
 CONSCIOUS, Skinny Regular Jeans,$19.99, , , , , 
 , Super Skinny High Jeggings,$19.99, , , , , 
 , Slim Regular Tapered Jeans, from,$12.99,$19.99, Online Exclusive, , 
 CONSCIOUS, Slim Low Jeans,$29.99, , , , , 
 , Skinny Regular Jeans,$29.99, , , , , 
 , Straight Regular Jeans,$19.99, , , , , 
 , Relaxed Skinny Jeans,$49.99, , , New Arrival, , 
 CONSCIOUS, Slim Low Jeans,$29.99, , , , , 
 , Super Skinny Low Jeans,$19.99, , , , , 
 , Biker Jeans,$39.99, , , , , 
 , Super Skinny High Jeans,$19.99, , , , , 
 , Jeans Slim fit,$14.99, , , , , 
 , Super Skinny High Jeans,$19.99, , , , , 
 , Skinny Regular Jeans,$19.99, , , , , 
 , Super Skinny High Jeggings,$19.99, , , , , 
 CONSCIOUS, Straight High Ankle Jeans, ,$17.99,$39.99, , , 
 , Slim Regular Tapered Jeans,$19.99, , , Online Exclusive, , 
 CONSCIOUS, Slim Low Jeans,$29.99, , , , , 
 , Superstretch Denim Leggings,$9.99, , , , , 
 , Jeans Slim fit,$14.99, , , , , 
 , 2-pack Denim Leggings,$19.99, , , , , 
 , Super Skinny Ankle Jeans, ,$14.99,$34.99, , , 
 , Superstretch Denim Leggings,$9.99, , , , , 
 , Slim Jeans,$9.99, , , , , 
 , Jeans Slim fit,$14.99, , , , , 
 , MAMA Super Skinny Jeans,$34.99, , , , , 
 CONSCIOUS, Skinny Low Trashed Jeans,$39.99, , , , , 
 , Biker Jeans,$39.99, , , , , 
 , Skinny High Jeans,$19.99, , , , , 
 , Jeans Slim fit,$14.99, , , , , 
 , 2-pack Skinny Fit Jeans,$19.99, , , New Arrival, , 
 , Boyfriend Low Ripped Jeans,$39.99, , , , , 
 , Skinny Low Trashed Jeans,$34.99, , , , , 
 , Slim Jeans,$9.99, , , , , 
 , Biker Jeans,$39.99, , , , , 
