 7 Colors, Nike Pro, Big Kids' (Girls') Medium Support Sports Bra, ,$20
 6 Colors, Nike Pro Classic Swoosh, Women's Medium Support Sports Bra, ,$30
 3 Colors, Nike Pro Rival, Women's High Support Sports Bra, ,$70
 5 Colors, Nike Pro Classic Padded, Women's Medium Support Sports Bra, ,$40
 2 Colors, Nike Pro Hero, Women's High Support Sports Bra, ,$75
 5 Colors, Nike Pro Classic, Women's Medium Support Sports Bra, ,$45
 5 Colors, Nike Pro Indy, Women's Light Support Sports Bra, ,$45
 5 Colors, Nike Indy Cooling, Women's Light Support Sports Bra, ,$55
 4 Colors, Nike Pro Classic Cooling, Women's Medium Impact Sports Bra, ,$45
 3 Colors, Nike Pro Hyper Classic Padded, Women's Medium Support Sports Bra, ,$60
 1 Color, Nike Pro Fierce, Women's Printed Medium Support Sports Bra, ,$65
 3 Colors, Nike Pro, Big Kids' (Girls') Medium Support Sports Bra, ,$25
 1 Color, Nike Pro Hyper Classic Padded, Women's Medium Support Sports Bra, ,$60
 1 Color, Nike Pro Fierce Flocked, Women's Medium Support Sports Bra, ,$65
 3 Colors, Nike Seamless, Women's Seamless Light Support Sports Bralette, ,$45
 4 Colors, Nike Indy Block Logo, Women's Light Support Sports Bra, ,$50
 2 Colors, NikeLab Essentials Medium Support Sports Bra, Women's Medium Support Sports Bra, ,$60
 1 Color, Nike Pro Classic Limitless, Women's Medium Support Sports Bra, ,$60
 2 Colors, Nike Sport Essentials Printed, Toddler Girls' Leggings, ,$30
 1 Color, Nike Sport Essentials Three-Piece, Infant Girls' Gift Set, ,$75
 2 Colors, Nike Sport Essentials Printed, Infant Girls' Leggings, ,$26
 2 Colors, Nike Sport Essentials Printed, Little Kids' (Girls') Leggings, ,$30
 1 Color, Nike Dry Sport Essentials Crossover, Little Kids' (Girls') Top, ,$38
 2 Colors, Nike Dry Sport Essentials, Toddler Girls' Capris, ,$30
 2 Colors, Nike Dry Sport Essentials, Little Kids' (Girls') Training Capris, ,$30
 2 Colors, Nike Sport, Backpack, ,$85
 1 Color, Nike Sport III, Gym Sack, ,$25
 1 Color, Nike Sport, Men's Golf Glove (Right Regular), ,$12
 1 Color, Converse Chuck Taylor All Star Sport Zip High Top, Little/Big Kids' Shoe, ,$50
 1 Color, Nike Dry Sport Essentials, Infant Girls' Capris, ,$26
 1 Color, Nike Pro Rival Fade, Women's High Support Sports Bra,$56.25,$39.97
 3 Colors, Nike Pro Hyper Classic Padded, Women's Medium Support Sports Bra,$60,$49.97
 2 Colors, Nike Pro Classic Padded, Women's Medium Support Sports Bra,$35,$29.97
 2 Colors, Nike Pro Fierce Reflective, Women's Sports Bra,$50,$34.97
 2 Colors, Nike Pro Classic Padded, Women's Medium Support Sports Bra,$40,$34.97
 1 Color, Nike Pro Indy, Women's Light Support Sports Bra,$45,$34.97
 1 Color, Nike Pro Classic Swoosh, Women's Medium Support Sports Bra,$40,$34.97
 4 Colors, Nike Pro, Big Kids' (Girls') Medium Support Sports Bra,$25,$11.97
 2 Colors, Nike Pro, Big Kids' (Girls') Medium Support Sports Bra,$30,$14.97
 1 Color, Nike Pro, Big Kids' (Girls') Printed Medium Support Bra,$30,$19.97
 2 Colors, Nike Pro Classic Padded, Women's Graphic Medium Support Sports Bra,$45,$29.97
 3 Colors, Nike Pro Indy Techno Glitch, Women's Light Support Sports Bra,$50,$34.97
 1 Color, Nike Pro, Big Kids' (Girls') Medium Support Sports Bra,$30,$19.97
 1 Color, Nike Pro Classic Padded Logo, Women's Sports Bra,$45,$29.97
 1 Color, Nike Pro Indy Cross Back, Women's Light Support Sports Bra,$50,$39.97
 1 Color, Nike Pro Fierce, Women's Printed Medium Support Sports Bra,$65,$49.97
 2 Colors, Hurley Turkish Floral, Women's Sports Bra,$51,$24.97
 1 Color, Nike Dry Sport Essentials Crossover, Infant/Toddler Girls' Top,$34,$16.97
 1 Color, Nike Dry Sport Essentials Crossover, Little Kids' (Girls') Top,$38,$18.97
 1 Color, Nike Sport Essentials, Little Kids' (Girls') Printed Leggings,$30,$19.97
 1 Color, Nike Sport Essentials, Infant Girls' Printed Leggings,$26,$19.97
 1 Color, Nike Sport Novelty, Women's Golf Polo,$75,$59.97
 2 Colors, Nike Pro Indy Cool, Women's Light Support Bra,$50,$39.97
