Journal of Sport and Health Science - Elsevier,, https://www.journals.elsevier.com/journal-of-sport-and-health-science/,"Journal of Sport and Health Science (JSHS), launched in May 2012, is a peer- reviewed scholarly journal dedicated to the advancement of sport/exercise/health  ...",,Journals
Guide for authors - Journal of Sport and Health Science - ISSN 2095 ...,, https://www.elsevier.com/...of...health-science/.../guide-for-authors,Get more information about 'Journal of Sport and Health Science' Journal. Check the Author information pack on Elsevier.com.,,Journals
Journal of Sport and Health Science Editorial Board,, https://www.journals.elsevier.com/...health-science/editorial-board,"Dept. of Exercise and Sport Science, University of North Carolina at ... Dept. of Health Science and Technology, University of Jyväskylä, Jyväskylä, Finland ...",,Journals
Health Science,, https://www.elsevier.com/connect/new/tag/health-science,Articles tagged in: Health Science. Icon social media facebook Icon social media linkedin Icon social media twitter Icon social media youtube. Back to top.,,Elsevier Connect
Recent Journal of Sport and Health Science Articles - Elsevier,, https://www.journals.elsevier.com/...of...health-science/recent-articles,Recently published articles from Journal of Sport and Health Science.,,Journals
Health Sciences,, https://www.elsevier.com/advertisers/health-sciences,,"Create an integrated solution that suits you – from advertising to events, global to specialized. In medicine and healthcare, Elsevier leads the world, with 1,126 ...",Webpages
"Genomic Medicine, Biomarkers and Health Sciences | 2211-4254 ...",, https://www.elsevier.com/journals/...health-sciences/2211-4254,"The Genomic Medicine, Biomarkers and Health Sciences(GMBHS)), which the predecessor is Fooyin Journal of Health Sciences (FJHS), is the official ...",,Journals
JOURNAL OF SPORT AND HEALTH SCIENCE,, https://www.elsevier.com/journals/...health-science/2095-2546?...,JOURNAL OF SPORT AND HEALTH SCIENCE. Production and Hosting by Elsevier B.V. on behalf of Shanghai University of Sport. AUTHOR INFORMATION  ...,,Journals
Fooyin Journal of Health Sciences | 1877-8607 | Elsevier,, https://www.elsevier.com/journals/...of-health-sciences/1877-8607,"The Fooyin Journal of Health Sciences (FJHS) is the officialpeer-reviewed publication of Fooyin University Hospital thatis published quarterly by Elsevier, and ...",,Journals
,Enhancing Learning and Teaching Through Student Feedback in ..., https://www.elsevier.com/...health-sciences/.../978-1-84334-752-1,Purchase Enhancing Learning and Teaching Through Student Feedback in Medical and Health Sciences - 1st Edition. Print Book & E-Book.,,Books
