 ,$29.99 , Save,$20 , Sale ends:," February 14, 2017", Caseco AutoTune - Wireless In-car FM Transmitter Radio Adapter, , Available online only, , Sold and shipped by Caseco, Compare
$34.99 , , , , , , Sony AM/FM Dual Alarm Clock Radio (ICFC1TB) - Black,-34, Available online, Available at nearby stores, , Compare
$27.99 , , , , , , Sony AM/FM Radio with Built-In Speaker (ICFP26), , Available online, Available at nearby stores, , Compare
$52.99 , , , , , ," Electrohome USB Charging LED Alarm Clock Radio with Time Projection, Battery Backup, Auto Time Set, Dual Alarm (EAAC475)",-1, Available online only, , Sold and shipped by ShopTronics, Compare
$149.99 , , , , , , iHome Dual Alarm Clock Radio (IDL44GC),-82, Available online, Available at nearby stores, , Compare
$79.99 , , , , , , iHome iBT29 Bluetooth Clock Radio - Colour Changing,-443, Available online, Available at nearby stores, , Compare
$45.99 , , , , , ," Electrohome Projection Alarm Clock with AM/FM Radio, Battery Backup, Auto Time Set, Dual Alarm & 3.5mm Audio Input", , Available online only, , Sold and shipped by ShopTronics, Compare
$45.99 , , , , , , Electrohome Retro Alarm Clock Radio with Motion Activated Night Light and Snooze,-1, Available online only, , Sold and shipped by ShopTronics, Compare
$39.99 , , , , , , SiriusXM Stratus 6 Radio With Vehicle Kit, , Available online, Sold out in nearby stores, , Compare
$169.99 , , , , , , iHome Bluetooth Clock Radio with Apple Watch and Lightning Charging Dock (IPLWBT5BC) - Black,-2, Available online, Available at nearby stores, , Compare
$175.99 , , , , , ," Electrohome Vinyl Record Player Classic Turntable Wood Stereo System, AM/FM Radio, CD, and AUX  Input for Smartphones", , Available online only, , Sold and shipped by ShopTronics, Compare
$29.99 , , , , , , Sony AM/FM Clock Radio (ICFC1B) - Black,-9, Available online, Available at nearby stores, , Compare
$69.98 , , , , , , Midland 2-Way Radios (LXT600VP3), , Available online only, , , Compare
$43.98 , , , , , , Midland 2-Way Radios (LXT118VP), , Available online only, , , Compare
$64.99 , , , , , , iHome iBT230 Bluetooth Clock Radio - Black,-214, Available online, Available at nearby stores, , Compare
$99.99 , , , , , , iHome iPhone 5 & Up Clock Radio - Gunmetal,-114, Available online, Available at nearby stores, , Compare
$29.99 , , , , , , Sony Clock Radio - White,-9, Available online, Available at nearby stores, , Compare
$39.95 , , , , , , Philips Clock Radio - Black,-3, Available online, Sold out in nearby stores, , Compare
 ,$45.96 , Save,$27 , Sale ends:," March 31, 2017"," Magnasonic Multi-Function Hand Crank Emergency Radio, Dynamo Charging, Weather Alert, LED Flashlight, Smartphone Charger", , Available online only, , Sold and shipped by  ShopTronics, Compare
$79.99 , , , , , , Motorola Talkabout T100TP 2-Way Radios, , Available online, Available at nearby stores, , Compare
$19.99 , , , , , , Insignia Clock Radio - Black,-4, Available online, Available at nearby stores, , Compare
$45.99 , , , , , ,"Electrohome 1.8"" Jumbo LED Alarm Clock Radio with Battery Backup, Auto Time Set, Digital AM/FM Tuner & Dual Alarm",, Available online only, , Sold and shipped by ShopTronics, Compare
$169.99 , , , , , , Motorola Talkabout H2O T600 2-Way Radios, , Available online, Sold out in nearby stores, , Compare
$29.99 , , , , , , Timex Clock Radio - Gunmetal,-4, Available online, Available at nearby stores, , Compare
$45.99 , , , , , , Electrohome Retro Alarm Clock Radio with Motion Activated Night Light and Snooze (CR35W), , Available online only, , Sold and shipped by ShopTronics, Compare
$52.99 , , , , , ," Electrohome USB Charging Alarm Clock Radio for Smartphones with Time Projection, Battery Backup, Auto Time Set", , Available online only, , Sold and shipped by ShopTronics, Compare
$129.99 , , , , , , iHome iBN43BC Bluetooth Clock Radio - Black,-173, Available online, Available at nearby stores, , Compare
$42.98 , , , , , ," Electrohome Digital AM/FM Clock Radio with Battery Backup, Dual Alarm, Sleep/Snooze Functions, Display Dimming  Option", , Available online only, , Sold and shipped by ShopTronics, Compare
$110.98 , , , , , , Motorola Talkabout T400 Dual Power 2-Way Radios,-1, Available online, Available at nearby stores, , Compare
$149.99 , , , , , , JBL Horizon Bluetooth Clock Radio - Black,-6, Available online, Sold out in nearby stores, , Compare
$45.99 , , , , , ," Electrohome USB Charging Alarm Clock Radio for Smartphones & Tablets with Dual Alarm, Battery Backup & Auto Time Set", , Available online only, , Sold and shipped by ShopTronics, Compare
$116.98 , , , , , , Crosley Corsair Clock Radio CD Player, , Available online only, , , Compare
